Label,Name,Pronun­ciation,Image,"Abs.
mag.","Dia­meter
(km)","Mass
(× 1015 kg)","Semi-major axis
(km)","Orbital period
(d)","Incli­nation
(°)",Eccen­tric­ity,"Disco­very
year",Year anno­unced,Disco­verer,Group
XVI,Metis,/ˈmiːtəs/,,10.5,"43.4
(60 × 40 × 34)",123.9,128000,"+0.2959
(+7h 06m 04s)",0.060,0.0002,1979,1980,"Synnott
(Voyager 1)",Inner
XV,Adrastea,/ædrəˈstiːə/,,12.0,"16.5
(20 × 16 × 14)",2.0,129000,"+0.2994
(+7h 11m 4s)",0.030,0.0015,1979,1979,"Jewitt
(Voyager 2)",Inner
V,Amalthea,/æməlˈθiːə/,,7.1,"167.2
(250 × 146 × 128)",2096.4,181366,"+0.4990
(+11h 58m 37s)",0.374,0.0032,1892,1892,Barnard,Inner
XIV,Thebe,/ˈθiːbiː/,,9.0,"98.5
(116 × 98 × 84)",700.0,221889,"+0.6753
(+16h 12m 27s)",1.076,0.0175,1979,1980,"Synnott
(Voyager 1)",Inner
I,Io♠,/ˈaɪoʊ/,,−1.7,3642.6,89284845.2,421700,"+1.7693
(+1d 18h 27m 46s)",0.050,0.0040,1610,1610,Galileo,Galilean
II,Europa♠,/jʊəˈroʊpə/,,−1.4,3121.6,47987653.0,670900,"+3.5504
(+3d 13h 12m 38s)",0.470,0.0090,1610,1610,Galileo,Galilean
III,Ganymede♠,/ˈɡænɪmiːd/,,−2.1,5268.2,148190000,1070400,+7.1556,0.200,0.0013,1610,1610,Galileo,Galilean
IV,Callisto♠,/kəˈlɪstoʊ/,,−1.2,4820.6,107590000,1882700,+16.690,0.192,0.0074,1610,1610,Galileo,Galilean
XVIII,Themisto†,/θəˈmɪstoʊ/,,13.3,≈ 9,≈ 0.38,7397000,+129.97,44.3,0.257,1975/2000,1975,"Kowal & Roemer/
Sheppard et al.",Themisto
,S/2011 J 4♣,,,16.9,≈ 3,≈ 0.014,11104600,+239.05,28.5,0.128,2011,2026,Sheppard,Himalia
XIII,Leda♣,/ˈliːdə/,,12.7,21.5,≈ 5.2,11145200,+240.33,28.2,0.162,1974,1974,Kowal,Himalia
LXXI,Ersa♣,/ˈɜːrsə/,,16.0,≈ 3,≈ 0.014,11399400,+248.62,29.0,0.117,2018,2018,Sheppard,Himalia
,S/2018 J 2♣,,,16.5,≈ 3,≈ 0.014,11419700,+249.28,28.3,0.152,2018,2022,Sheppard,Himalia
VI,Himalia♣,/hɪˈmeɪliə/,,7.9,"139.6
(150 × 120)",4200,11439000,+249.91,28.4,0.160,1904,1905,Perrine,Himalia
LXV,Pandia♣,/pænˈdaɪə/,,16.3,≈ 3,≈ 0.014,11479600,+251.23,28.9,0.178,2017,2018,Sheppard,Himalia
X,Lysithea♣,/laɪˈsɪθiə/,,11.2,42.2,≈ 39,11699100,+258.50,27.7,0.117,1938,1938,Nicholson,Himalia
VII,Elara♣,/ˈɛlərə/,,9.6,79.9,≈ 270,11710700,+258.89,27.8,0.212,1905,1905,Perrine,Himalia
,S/2011 J 3♣,,,16.3,≈ 3,≈ 0.014,11716800,+259.09,27.6,0.192,2011,2022,Sheppard,Himalia
,S/2017 J 17♣,,,17.2,≈ 1,≈ 0.00052,11776100,+261.07,29.0,0.164,2017,2026,Sheppard,Himalia
LIII,Dia♣,/ˈdaɪə/,,16.2,≈ 4,≈ 0.034,12257900,+277.25,29.1,0.232,2000,2001,Sheppard et al.,Himalia
,S/2018 J 4§,,,16.7,≈ 2,≈ 0.0042,16328500,+426.26,50.2,0.177,2018,2023,Sheppard,Carpo
XLVI,Carpo§,/ˈkɑːrpoʊ/,,16.2,≈ 3,≈ 0.014,17039500,+454.40,53.3,0.415,2003,2003,Sheppard,Carpo
LXII,Valetudo±,/væləˈtjuːdoʊ/,,17.0,≈ 1,≈ 0.00052,18690100,+522.07,34.5,0.217,2016,2018,Sheppard,Valetudo
XXXIV,Euporie♦,/ˈjuːpəriː/,,16.3,≈ 2,≈ 0.0042,19261900,−546.18,145.5,0.148,2001,2002,Sheppard et al.,Ananke
LV,S/2003 J 18♦,,,16.4,≈ 2,≈ 0.0042,20332800,−592.33,145.7,0.102,2003,2003,Gladman,Ananke
LX,Eupheme♦,/juːˈfiːmiː/,,16.5,≈ 2,≈ 0.0042,20763400,−611.32,147.9,0.234,2003,2003,Sheppard,Ananke
,S/2021 J 3♦,,,17.2,≈ 2,≈ 0.0042,20776600,−611.87,147.9,0.239,2021,2023,Sheppard,Ananke
LII,S/2010 J 2♦,,,17.4,≈ 1,≈ 0.00052,20786900,−612.35,148.0,0.244,2010,2011,Veillet,Ananke
LIV,S/2016 J 1♦,,,17.0,≈ 1,≈ 0.00052,20796700,−612.78,145.1,0.245,2016,2017,Sheppard,Ananke
XL,Mneme♦,/ˈniːmiː/,,16.3,≈ 2,≈ 0.0042,20815800,−613.61,147.8,0.240,2003,2003,"Sheppard &
Gladman",Ananke
XXXIII,Euanthe♦,/juːˈænθiː/,,16.4,≈ 3,≈ 0.014,20822900,−613.93,148.1,0.243,2001,2002,Sheppard et al.,Ananke
,S/2003 J 16♦,,,16.3,≈ 2,≈ 0.0042,20877500,−616.34,147.8,0.238,2003,2003,Gladman,Ananke
XXII,Harpalyke♦,/hɑːrˈpæləkiː/,,15.9,≈ 4,≈ 0.034,20887500,−616.78,147.8,0.239,2000,2001,Sheppard et al.,Ananke
XXXV,Orthosie♦,/ɔːrˈθoʊziː/,,16.6,≈ 2,≈ 0.0042,20897800,−617.23,144.2,0.294,2001,2002,Sheppard et al.,Ananke
XLV,Helike♦,/ˈhɛləkiː/,,15.9,≈ 4,≈ 0.034,20911400,−617.86,154.4,0.155,2003,2003,Sheppard,Ananke
,S/2021 J 2♦,,,17.3,≈ 1,≈ 0.00052,20926600,−618.50,148.1,0.242,2021,2023,Sheppard,Ananke
XXVII,Praxidike♦,/prækˈsɪdəkiː/,,14.8,7,≈ 0.18,20931100,−618.72,148.2,0.245,2000,2001,Sheppard et al.,Ananke
LXIV,S/2017 J 3♦,,,16.7,≈ 2,≈ 0.0042,20936500,−618.97,147.9,0.238,2017,2018,Sheppard,Ananke
,S/2021 J 1♦,,,17.3,≈ 1,≈ 0.00052,20954700,−619.77,150.5,0.228,2021,2023,Sheppard,Ananke
,S/2003 J 12♦,,,17.1,≈ 1,≈ 0.00052,20959300,−619.96,150.0,0.235,2003,2003,Sheppard,Ananke
LXVIII,S/2017 J 7♦,,,16.6,≈ 2,≈ 0.0042,20960400,−620.02,147.4,0.235,2017,2018,Sheppard,Ananke
XLII,Thelxinoe♦,/θɛlkˈsɪnoʊiː/,,16.3,≈ 2,≈ 0.0042,20972300,−620.55,150.7,0.229,2003,2004,"Sheppard &
Gladman et al.",Ananke
XXIX,Thyone♦,/θaɪˈoʊniː/,,15.8,≈ 4,≈ 0.034,20972700,−620.59,147.6,0.235,2001,2002,Sheppard et al.,Ananke
,S/2021 J 8♦,,,16.9,≈ 1,≈ 0.00052,20978900,−620.85,147.1,0.243,2021,2026,Sheppard et al.,Ananke
LXXIII,S/2003 J 2♦,,,16.7,≈ 2,≈ 0.0042,20992900,−621.47,150.1,0.225,2003,2003,Sheppard,Ananke
,S/2022 J 3♦,,,17.3,≈ 1,≈ 0.00052,21015100,−622.44,148.1,0.248,2022,2023,Sheppard,Ananke
XII,Ananke♦,/əˈnæŋkiː/,,11.8,29.1,≈ 13,21029500,−623.11,147.6,0.238,1951,1951,Nicholson,Ananke
XXIV,Iocaste♦,/aɪəˈkæstiː/,,15.4,≈ 5,≈ 0.065,21062300,−624.55,148.7,0.223,2000,2001,Sheppard et al.,Ananke
,S/2017 J 10♦,,,17.0,≈ 1,≈ 0.00052,21075800,−625.15,145.1,0.209,2017,2025,Sheppard,Ananke
XXX,Hermippe♦,/hərˈmɪpiː/,,15.5,≈ 4,≈ 0.034,21103600,−626.38,150.2,0.220,2001,2002,Sheppard et al.,Ananke
,S/2010 J 6♦,,,16.5,≈ 2,≈ 0.0042,21489800,−643.67,149.9,0.297,2010,2026,Sheppard,Ananke
LXX,S/2017 J 9♦,,,16.1,≈ 3,≈ 0.014,21764200,−656.05,155.4,0.197,2017,2018,Sheppard,Ananke
LVIII,Philo­phrosyne‡,/fɪləˈfrɒzəniː/,,16.6,≈ 2,≈ 0.0042,22600200,−694.20,146.1,0.221,2003,2003,Sheppard,Pasiphae
,S/2016 J 3♥,,,16.7,≈ 2,≈ 0.0042,22719300,−699.76,164.6,0.251,2016,2023,Sheppard,Carme
,S/2022 J 1♥,,,17.0,≈ 1,≈ 0.00052,22744700,−700.93,164.5,0.257,2022,2023,Sheppard,Carme
,S/2010 J 4♥,,,17.2,≈ 1,≈ 0.0042,22793400,−703.19,164.6,0.278,2010,2026,Sheppard,Carme
LXIX,S/2017 J 8♥,,,17.1,≈ 1,≈ 0.00052,22819600,−704.42,164.8,0.259,2017,2018,Sheppard,Carme
XXXVIII,Pasithee♥,/ˈpæsəθiː/,,16.8,≈ 2,≈ 0.0042,22840800,−705.41,164.5,0.274,2001,2002,Sheppard et al.,Carme
,S/2017 J 13♥,,,17.0,≈ 1,≈ 0.0042,22842700,−705.50,164.5,0.277,2017,2026,Sheppard,Carme
,S/2021 J 6♥,,,17.3,≈ 1,≈ 0.00052,22870400,−706.77,164.9,0.271,2021,2023,Sheppard et al.,Carme
,S/2003 J 24♥,,,16.6,≈ 2,≈ 0.0042,22882400,−707.33,164.6,0.263,2003,2021,Sheppard et al.,Carme
XXXII,Eurydome‡,/jʊəˈrɪdəmiː/,,16.2,≈ 3,≈ 0.014,22894500,−707.86,148.9,0.287,2001,2002,Sheppard et al.,Pasiphae
LVI,S/2011 J 2‡,,,16.9,≈ 1,≈ 0.00052,22903400,−708.29,151.7,0.358,2011,2012,Sheppard,Pasiphae
,S/2003 J 4‡,,,16.7,≈ 2,≈ 0.0042,22922300,−709.12,148.3,0.327,2003,2003,Sheppard,Pasiphae
,S/2017 J 18♥,,,16.8,≈ 2,≈ 0.0042,22923800,−709.24,164.9,0.254,2017,2026,Sheppard,Carme
XXI,Chaldene♥,/kælˈdiːniː/,,16.0,≈ 4,≈ 0.034,22926300,−709.36,164.7,0.261,2000,2001,Sheppard et al.,Carme
LXIII,S/2017 J 2♥,,,16.8,≈ 2,≈ 0.0042,22949600,−710.42,164.5,0.270,2017,2018,Sheppard,Carme
XXVI,Isonoe♥,/aɪˈsɒnoʊiː/,,15.9,≈ 4,≈ 0.034,22976300,−711.66,164.9,0.249,2000,2001,Sheppard et al.,Carme
,S/2017 J 11♥,,,17.1,≈ 1,≈ 0.00052,22991300,−712.38,164.8,0.268,2017,2025,Sheppard,Carme
,S/2017 J 16♥,,,17.2,≈ 1,≈ 0.00052,23007800,−713.13,164.7,0.268,2017,2026,Sheppard,Carme
XLIV,Kallichore♥,/kəˈlɪkəriː/,,16.2,≈ 2,≈ 0.0042,23017100,−713.59,164.7,0.253,2003,2003,Sheppard,Carme
,S/2021 J 4♥,,,17.4,≈ 1,≈ 0.00052,23019700,−713.71,164.6,0.265,2021,2023,Sheppard,Carme
XXV,Erinome♥,/ɛˈrɪnəmiː/,,16.0,≈ 3,≈ 0.014,23027200,−714.05,164.3,0.272,2000,2001,Sheppard et al.,Carme
XXXVII,Kale♥,/ˈkeɪliː/,,16.1,≈ 2,≈ 0.0042,23047800,−715.02,164.6,0.262,2001,2002,Sheppard et al.,Carme
LVII,Eirene♥,/aɪˈriːniː/,,15.8,≈ 4,≈ 0.034,23051300,−715.19,164.7,0.263,2003,2003,Sheppard,Carme
XXXI,Aitne♥,/ˈeɪtniː/,,16.0,≈ 3,≈ 0.014,23059400,−715.54,164.5,0.273,2001,2002,Sheppard et al.,Carme
XLVII,Eukelade♥,/juːˈkɛlədiː/,,15.9,≈ 4,≈ 0.034,23062400,−715.69,164.7,0.274,2003,2003,Sheppard,Carme
,S/2022 J 2♥,,,17.5,≈ 1,≈ 0.00052,23073400,−716.21,164.7,0.263,2022,2023,Sheppard,Carme
XLIII,Arche♥,/ˈɑːrkiː/,,16.2,≈ 3,≈ 0.014,23093200,−717.11,164.5,0.263,2002,2002,Sheppard,Carme
XX,Taygete♥,/teɪˈɪdʒətiː/,,15.6,≈ 5,≈ 0.065,23103400,−717.59,164.7,0.257,2000,2001,Sheppard et al.,Carme
,S/2016 J 4‡,,,17.3,≈ 1,≈ 0.00052,23113900,−718.04,147.1,0.294,2016,2023,Sheppard,Pasiphae
LXXII,S/2011 J 1♥,,,16.8,≈ 2,≈ 0.0042,23120800,−718.42,164.7,0.269,2011,2012,Sheppard,Carme
XI,Carme♥,/ˈkɑːrmiː/,,10.7,46.7,≈ 53,23139200,−719.28,164.6,0.261,1938,1938,Nicholson,Carme
L,Herse♥,/ˈhɜːrsiː/,,16.5,≈ 2,≈ 0.0042,23146700,−719.63,164.4,0.258,2003,2003,Gladman et al.,Carme
LXI,S/2003 J 19♥,,,16.6,≈ 2,≈ 0.0042,23153100,−719.92,164.6,0.264,2003,2003,Gladman,Carme
,S/2017 J 15‡,,,17.1,≈ 2,≈ 0.0042,23170300,−720.65,149.2,0.232,2017,2026,Sheppard,Pasiphae
LI,S/2010 J 1♥,,,16.5,≈ 2,≈ 0.0042,23185600,−721.43,164.5,0.256,2010,2011,Jacobson et al.,Carme
,S/2003 J 9♥,,,16.9,≈ 1,≈ 0.00052,23195100,−721.88,164.7,0.268,2003,2003,Sheppard,Carme
LXVI,S/2017 J 5♥,,,16.6,≈ 2,≈ 0.0042,23202000,−722.20,164.7,0.261,2017,2018,Sheppard,Carme
,S/2011 J 6♥,,,16.9,≈ 1,≈ 0.00052,23238700,−723.93,164.9,0.261,2011,2026,Sheppard,Carme
LXVII,S/2017 J 6‡,,,16.4,≈ 2,≈ 0.0042,23251200,−724.47,149.6,0.333,2017,2018,Sheppard,Pasiphae
,S/2018 J 5♥,,,17.1,≈ 2,≈ 0.0042,23269900,−725.38,164.9,0.261,2018,2026,Sheppard,Carme
,S/2017 J 12♥,,,17.3,≈ 1,≈ 0.00052,23270500,−725.40,164.8,0.257,2017,2026,Sheppard,Carme
XXIII,Kalyke♥,/ˈkæləkiː/,,15.3,6.9,≈ 0.17,23298000,−726.70,164.7,0.261,2000,2001,Sheppard et al.,Carme
,S/2021 J 7‡,,,17.3,≈ 1,≈ 0.00052,23305900,−727.01,149.4,0.253,2021,2026,Sheppard,Pasiphae
XXXIX,Hegemone‡,/həˈdʒɛməniː/,,15.6,≈ 3,≈ 0.014,23342600,−728.77,152.5,0.357,2003,2003,Sheppard,Pasiphae
,S/2003 J 10♥,,,16.9,≈ 2,≈ 0.0042,23384400,−730.74,164.6,0.257,2003,2003,Sheppard,Carme
,S/2018 J 3♥,,,17.3,≈ 1,≈ 0.00052,23400200,−731.49,164.9,0.268,2018,2023,Sheppard,Carme
,S/2017 J 14‡,,,17.0,≈ 1,≈ 0.00052,23412500,−732.04,142.7,0.436,2017,2026,Sheppard,Pasiphae
,S/2021 J 5♥,,,16.8,≈ 2,≈ 0.0042,23414600,−732.15,164.9,0.272,2021,2023,Sheppard et al.,Carme
,S/2024 J 1♥,,,16.9,≈ 2,≈ 0.0042,23462100,−734.38,164.7,0.273,2024,2026,Sheppard,Carme
VIII,Pasiphae‡,/pəˈsɪfeɪiː/,,10.1,57.8,≈ 100,23463200,−734.42,148.3,0.412,1908,1908,Melotte,Pasiphae
,S/2011 J 5♥,,,17.2,≈ 2,≈ 0.0042,23527800,−737.46,164.6,0.251,2011,2026,Sheppard,Carme
XXXVI,Sponde‡,/ˈspɒndiː/,,16.7,≈ 2,≈ 0.0042,23538700,−737.95,149.4,0.323,2001,2002,Sheppard et al.,Pasiphae
,S/2010 J 5♥,,,17.9,≈ 1,≈ 0.00052,23581000,−739.99,164.6,0.257,2010,2026,Ashton et al.,Carme
XIX,Megaclite‡,/ˌmɛɡəˈklaɪtiː/,,15.1,≈ 6,≈ 0.065,23640100,−742.77,149.9,0.421,2000,2001,Sheppard et al.,Pasiphae
XLVIII,Cyllene‡,/səˈliːniː/,,16.3,≈ 2,≈ 0.0042,23650000,−743.21,146.8,0.421,2003,2003,Sheppard,Pasiphae
IX,Sinope‡,/səˈnoʊpiː/,,11.2,35,≈ 22,23679300,−744.60,157.3,0.262,1914,1914,Nicholson,Pasiphae
LIX,S/2017 J 1‡,,,16.8,≈ 2,≈ 0.0042,23739600,−747.44,145.6,0.321,2017,2017,Sheppard,Pasiphae
XLI,Aoede‡,/eɪˈiːdiː/,,15.5,≈ 4,≈ 0.034,23773100,−749.07,155.7,0.437,2003,2003,Sheppard,Pasiphae
XXVIII,Autonoe‡,/ɔːˈtɒnoʊiː/,,15.5,≈ 4,≈ 0.034,23785200,−749.61,150.7,0.326,2001,2002,Sheppard et al.,Pasiphae
XVII,Callirrhoe‡,/kəˈlɪroʊiː/,,14.0,9.6,≈ 0.46,23789400,−749.79,144.9,0.290,1999,2000,Scotti et al.,Pasiphae
,S/2003 J 23‡,,,16.7,≈ 2,≈ 0.0042,23824000,−751.40,144.4,0.306,2003,2004,Sheppard,Pasiphae
,S/2010 J 3‡,,,17.2,≈ 1,≈ 0.00052,23862900,−753.28,148.3,0.313,2010,2026,Sheppard,Pasiphae
XLIX,Kore‡,/ˈkɔːriː/,,16.6,≈ 2,≈ 0.0042,24203300,−769.42,141.7,0.338,2003,2003,Sheppard,Pasiphae
